{
	"partitions" : [
		{
			"name" : "Top",
			"pins" : [
				{
					"name" : "avs_s1_readdata[0]",
					"strict" : false
				},
				{
					"name" : "avs_s1_readdata[1]",
					"strict" : false
				},
				{
					"name" : "avs_s1_readdata[2]",
					"strict" : false
				},
				{
					"name" : "avs_s1_readdata[3]",
					"strict" : false
				},
				{
					"name" : "avs_s1_readdata[4]",
					"strict" : false
				},
				{
					"name" : "avs_s1_readdata[5]",
					"strict" : false
				},
				{
					"name" : "avs_s1_readdata[6]",
					"strict" : false
				},
				{
					"name" : "avs_s1_readdata[7]",
					"strict" : false
				},
				{
					"name" : "avs_s1_readdata[8]",
					"strict" : false
				},
				{
					"name" : "avs_s1_readdata[9]",
					"strict" : false
				},
				{
					"name" : "avs_s1_readdata[10]",
					"strict" : false
				},
				{
					"name" : "avs_s1_readdata[11]",
					"strict" : false
				},
				{
					"name" : "avs_s1_readdata[12]",
					"strict" : false
				},
				{
					"name" : "avs_s1_readdata[13]",
					"strict" : false
				},
				{
					"name" : "avs_s1_readdata[14]",
					"strict" : false
				},
				{
					"name" : "avs_s1_readdata[15]",
					"strict" : false
				},
				{
					"name" : "avs_s1_readdata[16]",
					"strict" : false
				},
				{
					"name" : "avs_s1_readdata[17]",
					"strict" : false
				},
				{
					"name" : "avs_s1_readdata[18]",
					"strict" : false
				},
				{
					"name" : "avs_s1_readdata[19]",
					"strict" : false
				},
				{
					"name" : "avs_s1_readdata[20]",
					"strict" : false
				},
				{
					"name" : "avs_s1_readdata[21]",
					"strict" : false
				},
				{
					"name" : "avs_s1_readdata[22]",
					"strict" : false
				},
				{
					"name" : "avs_s1_readdata[23]",
					"strict" : false
				},
				{
					"name" : "avs_s1_readdata[24]",
					"strict" : false
				},
				{
					"name" : "avs_s1_readdata[25]",
					"strict" : false
				},
				{
					"name" : "avs_s1_readdata[26]",
					"strict" : false
				},
				{
					"name" : "avs_s1_readdata[27]",
					"strict" : false
				},
				{
					"name" : "avs_s1_readdata[28]",
					"strict" : false
				},
				{
					"name" : "avs_s1_readdata[29]",
					"strict" : false
				},
				{
					"name" : "avs_s1_readdata[30]",
					"strict" : false
				},
				{
					"name" : "avs_s1_readdata[31]",
					"strict" : false
				},
				{
					"name" : "clk",
					"strict" : false
				},
				{
					"name" : "reset",
					"strict" : false
				},
				{
					"name" : "avs_s1_read",
					"strict" : false
				},
				{
					"name" : "avs_s1_write",
					"strict" : false
				},
				{
					"name" : "avs_s1_address[1]",
					"strict" : false
				},
				{
					"name" : "avs_s1_address[2]",
					"strict" : false
				},
				{
					"name" : "avs_s1_address[0]",
					"strict" : false
				},
				{
					"name" : "avs_s1_writedata[0]",
					"strict" : false
				},
				{
					"name" : "avs_s1_writedata[1]",
					"strict" : false
				},
				{
					"name" : "avs_s1_writedata[2]",
					"strict" : false
				},
				{
					"name" : "avs_s1_writedata[3]",
					"strict" : false
				},
				{
					"name" : "avs_s1_writedata[4]",
					"strict" : false
				},
				{
					"name" : "avs_s1_writedata[5]",
					"strict" : false
				},
				{
					"name" : "avs_s1_writedata[6]",
					"strict" : false
				},
				{
					"name" : "avs_s1_writedata[7]",
					"strict" : false
				},
				{
					"name" : "avs_s1_writedata[8]",
					"strict" : false
				},
				{
					"name" : "avs_s1_writedata[9]",
					"strict" : false
				},
				{
					"name" : "avs_s1_writedata[10]",
					"strict" : false
				},
				{
					"name" : "avs_s1_writedata[11]",
					"strict" : false
				},
				{
					"name" : "avs_s1_writedata[12]",
					"strict" : false
				},
				{
					"name" : "avs_s1_writedata[13]",
					"strict" : false
				},
				{
					"name" : "avs_s1_writedata[14]",
					"strict" : false
				},
				{
					"name" : "avs_s1_writedata[15]",
					"strict" : false
				},
				{
					"name" : "avs_s1_writedata[16]",
					"strict" : false
				},
				{
					"name" : "avs_s1_writedata[17]",
					"strict" : false
				},
				{
					"name" : "avs_s1_writedata[18]",
					"strict" : false
				},
				{
					"name" : "avs_s1_writedata[19]",
					"strict" : false
				},
				{
					"name" : "avs_s1_writedata[20]",
					"strict" : false
				},
				{
					"name" : "avs_s1_writedata[21]",
					"strict" : false
				},
				{
					"name" : "avs_s1_writedata[22]",
					"strict" : false
				},
				{
					"name" : "avs_s1_writedata[23]",
					"strict" : false
				},
				{
					"name" : "avs_s1_writedata[24]",
					"strict" : false
				},
				{
					"name" : "avs_s1_writedata[25]",
					"strict" : false
				},
				{
					"name" : "avs_s1_writedata[26]",
					"strict" : false
				},
				{
					"name" : "avs_s1_writedata[27]",
					"strict" : false
				},
				{
					"name" : "avs_s1_writedata[28]",
					"strict" : false
				},
				{
					"name" : "avs_s1_writedata[29]",
					"strict" : false
				},
				{
					"name" : "avs_s1_writedata[30]",
					"strict" : false
				},
				{
					"name" : "avs_s1_writedata[31]",
					"strict" : false
				}
			]
		}
	]
}