# system info nios_system_tb on 2021.02.26.17:49:43
system_info:
name,value
DEVICE,5CGXFC7C7F23C8
DEVICE_FAMILY,Cyclone V
GENERATION_ID,1614332886
#
#
# Files generated for nios_system_tb on 2021.02.26.17:49:43
files:
filepath,kind,attributes,module,is_top
nios_system/testbench/nios_system_tb/simulation/nios_system_tb.v,VERILOG,,nios_system_tb,true
nios_system/testbench/nios_system_tb/simulation/submodules/nios_system.v,VERILOG,,nios_system,false
nios_system/testbench/nios_system_tb/simulation/submodules/verbosity_pkg.sv,SYSTEM_VERILOG, COMMON_SYSTEMVERILOG_PACKAGE=avalon_vip_verbosity_pkg,altera_avalon_clock_source,false
nios_system/testbench/nios_system_tb/simulation/submodules/altera_avalon_clock_source.sv,SYSTEM_VERILOG,,altera_avalon_clock_source,false
nios_system/testbench/nios_system_tb/simulation/submodules/verbosity_pkg.sv,SYSTEM_VERILOG, COMMON_SYSTEMVERILOG_PACKAGE=avalon_vip_verbosity_pkg,altera_avalon_reset_source,false
nios_system/testbench/nios_system_tb/simulation/submodules/altera_avalon_reset_source.sv,SYSTEM_VERILOG,,altera_avalon_reset_source,false
nios_system/testbench/nios_system_tb/simulation/submodules/avalon_fp_mult.sv,SYSTEM_VERILOG,,avalon_fp_mult,false
nios_system/testbench/nios_system_tb/simulation/submodules/avalon_slave.sv,SYSTEM_VERILOG,,avalon_fp_mult,false
nios_system/testbench/nios_system_tb/simulation/submodules/fp_mult.v,VERILOG,,avalon_fp_mult,false
nios_system/testbench/nios_system_tb/simulation/submodules/fp_mult.qip,OTHER,,avalon_fp_mult,false
nios_system/testbench/nios_system_tb/simulation/submodules/nios_system_nios2_gen2_0.v,VERILOG,,nios_system_nios2_gen2_0,false
nios_system/testbench/nios_system_tb/simulation/submodules/nios_system_onchip_memory2_0.hex,HEX,,nios_system_onchip_memory2_0,false
nios_system/testbench/nios_system_tb/simulation/submodules/nios_system_onchip_memory2_0.v,VERILOG,,nios_system_onchip_memory2_0,false
nios_system/testbench/nios_system_tb/simulation/submodules/nios_system_mm_interconnect_0.v,VERILOG,,nios_system_mm_interconnect_0,false
nios_system/testbench/nios_system_tb/simulation/submodules/nios_system_irq_mapper.sv,SYSTEM_VERILOG,,nios_system_irq_mapper,false
nios_system/testbench/nios_system_tb/simulation/submodules/altera_reset_controller.v,VERILOG,,altera_reset_controller,false
nios_system/testbench/nios_system_tb/simulation/submodules/altera_reset_synchronizer.v,VERILOG,,altera_reset_controller,false
nios_system/testbench/nios_system_tb/simulation/submodules/altera_reset_controller.sdc,SDC,,altera_reset_controller,false
nios_system/testbench/nios_system_tb/simulation/submodules/nios_system_nios2_gen2_0_cpu.sdc,SDC,,nios_system_nios2_gen2_0_cpu,false
nios_system/testbench/nios_system_tb/simulation/submodules/nios_system_nios2_gen2_0_cpu.v,VERILOG,,nios_system_nios2_gen2_0_cpu,false
nios_system/testbench/nios_system_tb/simulation/submodules/nios_system_nios2_gen2_0_cpu_debug_slave_sysclk.v,VERILOG,,nios_system_nios2_gen2_0_cpu,false
nios_system/testbench/nios_system_tb/simulation/submodules/nios_system_nios2_gen2_0_cpu_debug_slave_tck.v,VERILOG,,nios_system_nios2_gen2_0_cpu,false
nios_system/testbench/nios_system_tb/simulation/submodules/nios_system_nios2_gen2_0_cpu_debug_slave_wrapper.v,VERILOG,,nios_system_nios2_gen2_0_cpu,false
nios_system/testbench/nios_system_tb/simulation/submodules/nios_system_nios2_gen2_0_cpu_nios2_waves.do,OTHER,,nios_system_nios2_gen2_0_cpu,false
nios_system/testbench/nios_system_tb/simulation/submodules/nios_system_nios2_gen2_0_cpu_ociram_default_contents.dat,DAT,,nios_system_nios2_gen2_0_cpu,false
nios_system/testbench/nios_system_tb/simulation/submodules/nios_system_nios2_gen2_0_cpu_ociram_default_contents.hex,HEX,,nios_system_nios2_gen2_0_cpu,false
nios_system/testbench/nios_system_tb/simulation/submodules/nios_system_nios2_gen2_0_cpu_ociram_default_contents.mif,MIF,,nios_system_nios2_gen2_0_cpu,false
nios_system/testbench/nios_system_tb/simulation/submodules/nios_system_nios2_gen2_0_cpu_rf_ram_a.dat,DAT,,nios_system_nios2_gen2_0_cpu,false
nios_system/testbench/nios_system_tb/simulation/submodules/nios_system_nios2_gen2_0_cpu_rf_ram_a.hex,HEX,,nios_system_nios2_gen2_0_cpu,false
nios_system/testbench/nios_system_tb/simulation/submodules/nios_system_nios2_gen2_0_cpu_rf_ram_a.mif,MIF,,nios_system_nios2_gen2_0_cpu,false
nios_system/testbench/nios_system_tb/simulation/submodules/nios_system_nios2_gen2_0_cpu_rf_ram_b.dat,DAT,,nios_system_nios2_gen2_0_cpu,false
nios_system/testbench/nios_system_tb/simulation/submodules/nios_system_nios2_gen2_0_cpu_rf_ram_b.hex,HEX,,nios_system_nios2_gen2_0_cpu,false
nios_system/testbench/nios_system_tb/simulation/submodules/nios_system_nios2_gen2_0_cpu_rf_ram_b.mif,MIF,,nios_system_nios2_gen2_0_cpu,false
nios_system/testbench/nios_system_tb/simulation/submodules/nios_system_nios2_gen2_0_cpu_test_bench.v,VERILOG,,nios_system_nios2_gen2_0_cpu,false
nios_system/testbench/nios_system_tb/simulation/submodules/altera_merlin_master_translator.sv,SYSTEM_VERILOG,,altera_merlin_master_translator,false
nios_system/testbench/nios_system_tb/simulation/submodules/altera_merlin_slave_translator.sv,SYSTEM_VERILOG,,altera_merlin_slave_translator,false
nios_system/testbench/nios_system_tb/simulation/submodules/altera_merlin_master_agent.sv,SYSTEM_VERILOG,,altera_merlin_master_agent,false
nios_system/testbench/nios_system_tb/simulation/submodules/altera_merlin_slave_agent.sv,SYSTEM_VERILOG,,altera_merlin_slave_agent,false
nios_system/testbench/nios_system_tb/simulation/submodules/altera_merlin_burst_uncompressor.sv,SYSTEM_VERILOG,,altera_merlin_slave_agent,false
nios_system/testbench/nios_system_tb/simulation/submodules/altera_avalon_sc_fifo.v,VERILOG,,altera_avalon_sc_fifo,false
nios_system/testbench/nios_system_tb/simulation/submodules/nios_system_mm_interconnect_0_router.sv,SYSTEM_VERILOG,,nios_system_mm_interconnect_0_router,false
nios_system/testbench/nios_system_tb/simulation/submodules/nios_system_mm_interconnect_0_router_002.sv,SYSTEM_VERILOG,,nios_system_mm_interconnect_0_router_002,false
nios_system/testbench/nios_system_tb/simulation/submodules/nios_system_mm_interconnect_0_cmd_demux.sv,SYSTEM_VERILOG,,nios_system_mm_interconnect_0_cmd_demux,false
nios_system/testbench/nios_system_tb/simulation/submodules/nios_system_mm_interconnect_0_cmd_mux.sv,SYSTEM_VERILOG,,nios_system_mm_interconnect_0_cmd_mux,false
nios_system/testbench/nios_system_tb/simulation/submodules/altera_merlin_arbitrator.sv,SYSTEM_VERILOG,,nios_system_mm_interconnect_0_cmd_mux,false
nios_system/testbench/nios_system_tb/simulation/submodules/nios_system_mm_interconnect_0_rsp_demux.sv,SYSTEM_VERILOG,,nios_system_mm_interconnect_0_rsp_demux,false
nios_system/testbench/nios_system_tb/simulation/submodules/nios_system_mm_interconnect_0_rsp_mux.sv,SYSTEM_VERILOG,,nios_system_mm_interconnect_0_rsp_mux,false
nios_system/testbench/nios_system_tb/simulation/submodules/altera_merlin_arbitrator.sv,SYSTEM_VERILOG,,nios_system_mm_interconnect_0_rsp_mux,false
nios_system/testbench/nios_system_tb/simulation/submodules/nios_system_mm_interconnect_0_avalon_st_adapter.v,VERILOG,,nios_system_mm_interconnect_0_avalon_st_adapter,false
nios_system/testbench/nios_system_tb/simulation/submodules/nios_system_mm_interconnect_0_avalon_st_adapter_error_adapter_0.sv,SYSTEM_VERILOG,,nios_system_mm_interconnect_0_avalon_st_adapter_error_adapter_0,false
#
# Map from instance-path to kind of module
instances:
instancePath,module
nios_system_tb.nios_system_inst,nios_system
nios_system_tb.nios_system_inst.avs_fp_mult_0,avalon_fp_mult
nios_system_tb.nios_system_inst.nios2_gen2_0,nios_system_nios2_gen2_0
nios_system_tb.nios_system_inst.nios2_gen2_0.cpu,nios_system_nios2_gen2_0_cpu
nios_system_tb.nios_system_inst.onchip_memory2_0,nios_system_onchip_memory2_0
nios_system_tb.nios_system_inst.mm_interconnect_0,nios_system_mm_interconnect_0
nios_system_tb.nios_system_inst.mm_interconnect_0.nios2_gen2_0_data_master_translator,altera_merlin_master_translator
nios_system_tb.nios_system_inst.mm_interconnect_0.nios2_gen2_0_instruction_master_translator,altera_merlin_master_translator
nios_system_tb.nios_system_inst.mm_interconnect_0.nios2_gen2_0_debug_mem_slave_translator,altera_merlin_slave_translator
nios_system_tb.nios_system_inst.mm_interconnect_0.onchip_memory2_0_s1_translator,altera_merlin_slave_translator
nios_system_tb.nios_system_inst.mm_interconnect_0.avs_fp_mult_0_s1_translator,altera_merlin_slave_translator
nios_system_tb.nios_system_inst.mm_interconnect_0.nios2_gen2_0_data_master_agent,altera_merlin_master_agent
nios_system_tb.nios_system_inst.mm_interconnect_0.nios2_gen2_0_instruction_master_agent,altera_merlin_master_agent
nios_system_tb.nios_system_inst.mm_interconnect_0.nios2_gen2_0_debug_mem_slave_agent,altera_merlin_slave_agent
nios_system_tb.nios_system_inst.mm_interconnect_0.onchip_memory2_0_s1_agent,altera_merlin_slave_agent
nios_system_tb.nios_system_inst.mm_interconnect_0.avs_fp_mult_0_s1_agent,altera_merlin_slave_agent
nios_system_tb.nios_system_inst.mm_interconnect_0.nios2_gen2_0_debug_mem_slave_agent_rsp_fifo,altera_avalon_sc_fifo
nios_system_tb.nios_system_inst.mm_interconnect_0.onchip_memory2_0_s1_agent_rsp_fifo,altera_avalon_sc_fifo
nios_system_tb.nios_system_inst.mm_interconnect_0.avs_fp_mult_0_s1_agent_rsp_fifo,altera_avalon_sc_fifo
nios_system_tb.nios_system_inst.mm_interconnect_0.router,nios_system_mm_interconnect_0_router
nios_system_tb.nios_system_inst.mm_interconnect_0.router_001,nios_system_mm_interconnect_0_router
nios_system_tb.nios_system_inst.mm_interconnect_0.router_002,nios_system_mm_interconnect_0_router_002
nios_system_tb.nios_system_inst.mm_interconnect_0.router_003,nios_system_mm_interconnect_0_router_002
nios_system_tb.nios_system_inst.mm_interconnect_0.router_004,nios_system_mm_interconnect_0_router_002
nios_system_tb.nios_system_inst.mm_interconnect_0.cmd_demux,nios_system_mm_interconnect_0_cmd_demux
nios_system_tb.nios_system_inst.mm_interconnect_0.cmd_demux_001,nios_system_mm_interconnect_0_cmd_demux
nios_system_tb.nios_system_inst.mm_interconnect_0.cmd_mux,nios_system_mm_interconnect_0_cmd_mux
nios_system_tb.nios_system_inst.mm_interconnect_0.cmd_mux_001,nios_system_mm_interconnect_0_cmd_mux
nios_system_tb.nios_system_inst.mm_interconnect_0.cmd_mux_002,nios_system_mm_interconnect_0_cmd_mux
nios_system_tb.nios_system_inst.mm_interconnect_0.rsp_demux,nios_system_mm_interconnect_0_rsp_demux
nios_system_tb.nios_system_inst.mm_interconnect_0.rsp_demux_001,nios_system_mm_interconnect_0_rsp_demux
nios_system_tb.nios_system_inst.mm_interconnect_0.rsp_demux_002,nios_system_mm_interconnect_0_rsp_demux
nios_system_tb.nios_system_inst.mm_interconnect_0.rsp_mux,nios_system_mm_interconnect_0_rsp_mux
nios_system_tb.nios_system_inst.mm_interconnect_0.rsp_mux_001,nios_system_mm_interconnect_0_rsp_mux
nios_system_tb.nios_system_inst.mm_interconnect_0.avalon_st_adapter,nios_system_mm_interconnect_0_avalon_st_adapter
nios_system_tb.nios_system_inst.mm_interconnect_0.avalon_st_adapter.error_adapter_0,nios_system_mm_interconnect_0_avalon_st_adapter_error_adapter_0
nios_system_tb.nios_system_inst.mm_interconnect_0.avalon_st_adapter_001,nios_system_mm_interconnect_0_avalon_st_adapter
nios_system_tb.nios_system_inst.mm_interconnect_0.avalon_st_adapter_001.error_adapter_0,nios_system_mm_interconnect_0_avalon_st_adapter_error_adapter_0
nios_system_tb.nios_system_inst.mm_interconnect_0.avalon_st_adapter_002,nios_system_mm_interconnect_0_avalon_st_adapter
nios_system_tb.nios_system_inst.mm_interconnect_0.avalon_st_adapter_002.error_adapter_0,nios_system_mm_interconnect_0_avalon_st_adapter_error_adapter_0
nios_system_tb.nios_system_inst.irq_mapper,nios_system_irq_mapper
nios_system_tb.nios_system_inst.rst_controller,altera_reset_controller
nios_system_tb.nios_system_inst_clk_bfm,altera_avalon_clock_source
nios_system_tb.nios_system_inst_reset_bfm,altera_avalon_reset_source
