<?xml version="1.0" encoding="UTF-8"?>
<preferences>
 <debug showDebugMenu="0" />
 <systemtable filter="All Interfaces">
  <columns>
   <connections preferredWidth="127" />
   <irq preferredWidth="34" />
  </columns>
 </systemtable>
 <library
   expandedCategories="Project,Library/Basic Functions/On Chip Memory,Library,Project/ECE342,Library/Basic Functions" />
 <window width="1100" height="728" x="0" y="0" />
 <generation synthesis="NONE" simulation="VERILOG" path="nios_system" />
</preferences>
