<?xml version="1.0" encoding="UTF-8"?>
<preferences>
 <debug showDebugMenu="0" />
 <systemtable filter="All Interfaces">
  <columns>
   <connections preferredWidth="143" />
   <irq preferredWidth="34" />
  </columns>
 </systemtable>
 <library
   expandedCategories="Library/Interface Protocols/PCI Express/QSYS Example Designs,Library/Processors and Peripherals,Library,Library/Processors and Peripherals/Peripherals,Library/Interface Protocols,Library/Interface Protocols/PCI Express" />
 <window width="1236" height="728" x="0" y="0" />
 <generation synthesis="NONE" simulation="VERILOG" path="nios_system" />
</preferences>
